{"cameraMode":{"drawMode":0,"name":"Shaded","section":"Shading Mode"},"sceneLighting":true,"audioPlay":false,"sceneViewState":{"m_AlwaysRefresh":false,"showFog":true,"showSkybox":true,"showFlares":true,"showImageEffects":true,"showParticleSystems":true,"showVisualEffectGraphs":true,"m_FxEnabled":true},"in2DMode":false,"pivot":{"x":717.5088500976563,"y":986.9393310546875,"z":147.74278259277345},"rotation":{"x":0.004499904811382294,"y":-0.0029999499674886467,"z":0.000013492393918568268,"w":0.9999836683273315},"size":954.875244140625,"orthographic":false}